<?xml  version="1.0" encoding="UTF-8"?>
<pagetemplates>
	<pagetemplate>
		<DocName></DocName>
		<OwnerID>0</OwnerID>
		<PageWidth>595.275574</PageWidth>
		<PageHeight>841.889771</PageHeight>
		<PageNum>1</PageNum>
		<MarginLeft>36.000000</MarginLeft>
		<MarginTop>36.000000</MarginTop>
		<MarginRight>36.000000</MarginRight>
		<MarginBottom>36.000000</MarginBottom>
		<Active>1</Active>
		<ID>
			<ID>1</ID>
			<ID2>0</ID2>
			<ID3>0</ID3>
			<StringID></StringID>
		</ID>
		<Name>Example template</Name>
		<PageType>0</PageType>
		<Barrier>0</Barrier>
		<StringID></StringID>
		<Oposite>
			<ID>0</ID>
			<ID2>0</ID2>
			<ID3>0</ID3>
			<StringID></StringID>
		</Oposite>
		<Successor>
			<ID>0</ID>
			<ID2>0</ID2>
			<ID3>0</ID3>
			<StringID></StringID>
		</Successor>
		<Masterpages></Masterpages>
		<AutoOposite>0</AutoOposite>
		<AutoSuccessor>0</AutoSuccessor>
		<templates>
			<template>
				<Name>Slot1</Name>
				<UID>7297</UID>
				<Active>0</Active>
				<Sequ>1</Sequ>
				<ColorIndex>47</ColorIndex>
				<Type>0</Type>
				<AutoLink>0</AutoLink>
				<VerticalJust>0</VerticalJust>
				<MinimumVJ>0.000000</MinimumVJ>
				<StylesVJ></StylesVJ>
				<MinimumVJEnabled>0</MinimumVJEnabled>
				<StylesVJEnabled>0</StylesVJEnabled>
				<HasMoreObjects>0</HasMoreObjects>
				<HasMoreFrames>0</HasMoreFrames>
				<BuildDirection>0</BuildDirection>
				<MinDistX>0.000000</MinDistX>
				<MinDistY>0.000000</MinDistY>
				<JustificationEnabled>0</JustificationEnabled>
				<JustificationX>0</JustificationX>
				<JustificationY>0</JustificationY>
				<JustificationScript>0</JustificationScript>
				<BBox>
					<Left>47.622047</Left>
					<Top>133.795273</Top>
					<Right>277.795288</Right>
					<Bottom>391.181091</Bottom>
				</BBox>
			</template>
			<template>
				<Name>Slot2</Name>
				<UID>7299</UID>
				<Active>0</Active>
				<Sequ>2</Sequ>
				<ColorIndex>49</ColorIndex>
				<Type>0</Type>
				<AutoLink>0</AutoLink>
				<VerticalJust>0</VerticalJust>
				<MinimumVJ>0.000000</MinimumVJ>
				<StylesVJ></StylesVJ>
				<MinimumVJEnabled>0</MinimumVJEnabled>
				<StylesVJEnabled>0</StylesVJEnabled>
				<HasMoreObjects>0</HasMoreObjects>
				<HasMoreFrames>0</HasMoreFrames>
				<BuildDirection>0</BuildDirection>
				<MinDistX>0.000000</MinDistX>
				<MinDistY>0.000000</MinDistY>
				<JustificationEnabled>0</JustificationEnabled>
				<JustificationX>0</JustificationX>
				<JustificationY>0</JustificationY>
				<JustificationScript>0</JustificationScript>
				<BBox>
					<Left>303.874023</Left>
					<Top>410.456696</Top>
					<Right>540.850403</Right>
					<Bottom>673.511841</Bottom>
				</BBox>
			</template>
			<template>
				<Name>Slot3</Name>
				<UID>7301</UID>
				<Active>0</Active>
				<Sequ>3</Sequ>
				<ColorIndex>1</ColorIndex>
				<Type>0</Type>
				<AutoLink>0</AutoLink>
				<VerticalJust>0</VerticalJust>
				<MinimumVJ>0.000000</MinimumVJ>
				<StylesVJ></StylesVJ>
				<MinimumVJEnabled>0</MinimumVJEnabled>
				<StylesVJEnabled>0</StylesVJEnabled>
				<HasMoreObjects>0</HasMoreObjects>
				<HasMoreFrames>0</HasMoreFrames>
				<BuildDirection>0</BuildDirection>
				<MinDistX>0.000000</MinDistX>
				<MinDistY>0.000000</MinDistY>
				<JustificationEnabled>0</JustificationEnabled>
				<JustificationX>0</JustificationX>
				<JustificationY>0</JustificationY>
				<JustificationScript>0</JustificationScript>
				<BBox>
					<Left>52.189499</Left>
					<Top>686.460999</Top>
					<Right>540.850403</Right>
					<Bottom>795.656372</Bottom>
				</BBox>
			</template>
		</templates>
	</pagetemplate>
</pagetemplates>