<?xml version="1.0" encoding="utf-8"?>
<!-- 
	file:	 relatedto.xml
-->
<relatedtos>
	<relatedto>
		<id>1</id>
		<value>text</value>
	</relatedto>
	<relatedto>
		<id>2</id>
		<value>textframe</value>
	</relatedto>
	<relatedto>
		<id>3</id>
		<value>imageframe</value>
	</relatedto>
	<relatedto>
		<id>4</id>
		<value>xml element</value>
	</relatedto>
	<relatedto>
		<id>5</id>
		<value>document</value>
	</relatedto>
	<relatedto>
		<id>6</id>
		<value>multi frames</value>
	</relatedto>
	<relatedto>
		<id>7</id>
		<value>multi text</value>
	</relatedto>
	<relatedto>
		<id>8</id>
		<value>table</value>
	</relatedto>
</relatedtos>
