<?xml version="1.0" encoding="utf-8"?>
<grids>
  <grid>
    <id>0</id>
    <name></name>
    <masterdocid></masterdocid>
    <description></description>
    <xpos>0.0</xpos>
    <ypos>0.0</ypos>
    <xsize>0.0</xsize>
    <ysize>0.0</ysize>
    <preview>
      <src>grids\preview\0.gif</src>
    </preview>
    <type>
      <id>0</id>
      <name></name>
    </type>
    <domain>
      <id>0</id>
      <name></name>
    </domain>
    <spread>
      <position></position>
      <leftitem>0</leftitem>
      <middleitem>0</middleitem>
      <rightitem>0</rightitem>
    </spread>
    <placeholders>
      <placeholder>
        <id>0</id>
        <name></name>
        <xpos>0.0</xpos>
        <ypos>0.0</ypos>
        <xsize>0.0</xsize>
        <ysize>0.0</ysize>
      </placeholder>
    </placeholders>
  </grid>
  <grid>
    <id>1</id>
    <name>Apparel Cover</name>
    <masterdocid></masterdocid>
    <description></description>
    <xpos>0.0</xpos>
    <ypos>0.0</ypos>
    <xsize>523.275574</xsize>
    <ysize>769.889771</ysize>
    <preview>
      <src>grids\preview\1.gif</src>
    </preview>
    <type>
      <id>0</id>
      <name>No Type</name>
    </type>
    <domain>
      <id>0</id>
      <name>no editor</name>
    </domain>
    <spread>
      <position></position>
      <leftitem>0</leftitem>
      <middleitem>0</middleitem>
      <rightitem>0</rightitem>
    </spread>
    <placeholders>
      <placeholder>
        <id>0</id>
        <name></name>
        <xpos>0.0</xpos>
        <ypos>0.0</ypos>
        <xsize>0.0</xsize>
        <ysize>0.0</ysize>
      </placeholder>
      <placeholder>
        <id>1</id>
        <name>1, 1</name>
        <xpos>36.0</xpos>
        <ypos>334.513702</ypos>
        <xsize>523.275574</xsize>
        <ysize>471.376068</ysize>
      </placeholder>
    </placeholders>
  </grid>
  <grid>
    <id>2</id>
    <name>Apparel 2Prod</name>
    <masterdocid></masterdocid>
    <description></description>
    <xpos>0.0</xpos>
    <ypos>0.0</ypos>
    <xsize>523.275591</xsize>
    <ysize>769.889764</ysize>
    <preview>
      <src>grids\preview\2.gif</src>
    </preview>
    <type>
      <id>0</id>
      <name>No Type</name>
    </type>
    <domain>
      <id>0</id>
      <name>no editor</name>
    </domain>
    <spread>
      <position></position>
      <leftitem>0</leftitem>
      <middleitem>0</middleitem>
      <rightitem>0</rightitem>
    </spread>
    <placeholders>
      <placeholder>
        <id>0</id>
        <name></name>
        <xpos>0.0</xpos>
        <ypos>0.0</ypos>
        <xsize>0.0</xsize>
        <ysize>0.0</ysize>
      </placeholder>
      <placeholder>
        <id>1</id>
        <name>1, 1</name>
        <xpos>28.346457</xpos>
        <ypos>109.842522</ypos>
        <xsize>269.291351</xsize>
        <ysize>696.047241</ysize>
      </placeholder>
      <placeholder>
        <id>2</id>
        <name>1, 2</name>
        <xpos>307.851013</xpos>
        <ypos>109.842522</ypos>
        <xsize>269.291351</xsize>
        <ysize>696.047241</ysize>
      </placeholder>
    </placeholders>
  </grid>
  <grid>
    <id>3</id>
    <name>Apparel 4Prod right</name>
    <masterdocid></masterdocid>
    <description></description>
    <xpos>0.0</xpos>
    <ypos>0.0</ypos>
    <xsize>523.275574</xsize>
    <ysize>769.889771</ysize>
    <preview>
      <src>grids\preview\3.gif</src>
    </preview>
    <type>
      <id>0</id>
      <name>No Type</name>
    </type>
    <domain>
      <id>0</id>
      <name>no editor</name>
    </domain>
    <spread>
      <position>right</position>
      <leftitem>4</leftitem>
      <middleitem>0</middleitem>
      <rightitem>0</rightitem>
    </spread>
    <placeholders>
      <placeholder>
        <id>0</id>
        <name></name>
        <xpos>0.0</xpos>
        <ypos>0.0</ypos>
        <xsize>0.0</xsize>
        <ysize>0.0</ysize>
      </placeholder>
      <placeholder>
        <id>1</id>
        <name>1, 1</name>
        <xpos>34.968189</xpos>
        <ypos>56.928188</ypos>
        <xsize>243.779526</xsize>
        <ysize>368.503937</ysize>
      </placeholder>
      <placeholder>
        <id>2</id>
        <name>1, 2</name>
        <xpos>311.39151</xpos>
        <ypos>56.928188</ypos>
        <xsize>243.779526</xsize>
        <ysize>368.503937</ysize>
      </placeholder>
      <placeholder>
        <id>3</id>
        <name>2, 1</name>
        <xpos>34.968189</xpos>
        <ypos>443.656067</ypos>
        <xsize>243.779526</xsize>
        <ysize>368.503937</ysize>
      </placeholder>
      <placeholder>
        <id>4</id>
        <name>2, 2</name>
        <xpos>311.39151</xpos>
        <ypos>443.656067</ypos>
        <xsize>243.779526</xsize>
        <ysize>368.503937</ysize>
      </placeholder>
    </placeholders>
  </grid>
  <grid>
    <id>4</id>
    <name>Apparel 4Prod left</name>
    <masterdocid></masterdocid>
    <description></description>
    <xpos>0.0</xpos>
    <ypos>0.0</ypos>
    <xsize>523.275574</xsize>
    <ysize>769.889771</ysize>
    <preview>
      <src>grids\preview\4.gif</src>
    </preview>
    <type>
      <id>0</id>
      <name>No Type</name>
    </type>
    <domain>
      <id>0</id>
      <name>no editor</name>
    </domain>
    <spread>
      <position>left</position>
      <leftitem>0</leftitem>
      <middleitem>0</middleitem>
      <rightitem>3</rightitem>
    </spread>
    <placeholders>
      <placeholder>
        <id>0</id>
        <name></name>
        <xpos>0.0</xpos>
        <ypos>0.0</ypos>
        <xsize>0.0</xsize>
        <ysize>0.0</ysize>
      </placeholder>
      <placeholder>
        <id>1</id>
        <name>1, 1</name>
        <xpos>73.88504</xpos>
        <ypos>56.928188</ypos>
        <xsize>243.77951</xsize>
        <ysize>368.503937</ysize>
      </placeholder>
      <placeholder>
        <id>2</id>
        <name>1, 2</name>
        <xpos>350.30835</xpos>
        <ypos>56.928188</ypos>
        <xsize>243.779541</xsize>
        <ysize>368.503937</ysize>
      </placeholder>
      <placeholder>
        <id>3</id>
        <name>2, 1</name>
        <xpos>73.88504</xpos>
        <ypos>443.656067</ypos>
        <xsize>243.779541</xsize>
        <ysize>368.503937</ysize>
      </placeholder>
      <placeholder>
        <id>4</id>
        <name>2, 2</name>
        <xpos>350.30835</xpos>
        <ypos>443.656067</ypos>
        <xsize>243.77951</xsize>
        <ysize>368.503937</ysize>
      </placeholder>
    </placeholders>
  </grid>
  <grid>
    <id>5</id>
    <name>Electronics Cover</name>
    <masterdocid></masterdocid>
    <description></description>
    <xpos>0.0</xpos>
    <ypos>0.0</ypos>
    <xsize>523.275574</xsize>
    <ysize>769.889771</ysize>
    <preview>
      <src>grids\preview\5.gif</src>
    </preview>
    <type>
      <id>0</id>
      <name>No Type</name>
    </type>
    <domain>
      <id>0</id>
      <name>no editor</name>
    </domain>
    <spread>
      <position></position>
      <leftitem>0</leftitem>
      <middleitem>0</middleitem>
      <rightitem>0</rightitem>
    </spread>
    <placeholders>
      <placeholder>
        <id>0</id>
        <name></name>
        <xpos>0.0</xpos>
        <ypos>0.0</ypos>
        <xsize>0.0</xsize>
        <ysize>0.0</ysize>
      </placeholder>
      <placeholder>
        <id>1</id>
        <name>1, 1</name>
        <xpos>36.0</xpos>
        <ypos>315.807861</ypos>
        <xsize>523.275574</xsize>
        <ysize>490.081879</ysize>
      </placeholder>
    </placeholders>
  </grid>
  <grid>
    <id>6</id>
    <name>Electronics 3Prod portrait Title</name>
    <masterdocid></masterdocid>
    <description></description>
    <xpos>0.0</xpos>
    <ypos>0.0</ypos>
    <xsize>523.275574</xsize>
    <ysize>769.889771</ysize>
    <preview>
      <src>grids\preview\6.gif</src>
    </preview>
    <type>
      <id>0</id>
      <name>No Type</name>
    </type>
    <domain>
      <id>0</id>
      <name>no editor</name>
    </domain>
    <spread>
      <position></position>
      <leftitem>0</leftitem>
      <middleitem>0</middleitem>
      <rightitem>0</rightitem>
    </spread>
    <placeholders>
      <placeholder>
        <id>0</id>
        <name></name>
        <xpos>0.0</xpos>
        <ypos>0.0</ypos>
        <xsize>0.0</xsize>
        <ysize>0.0</ysize>
      </placeholder>
      <placeholder>
        <id>1</id>
        <name>1, 1</name>
        <xpos>36.0</xpos>
        <ypos>36.0</ypos>
        <xsize>524.409424</xsize>
        <ysize>85.039368</ysize>
      </placeholder>
      <placeholder>
        <id>2</id>
        <name>1, 2</name>
        <xpos>36.0</xpos>
        <ypos>143.090073</ypos>
        <xsize>171.496063</xsize>
        <ysize>662.799683</ysize>
      </placeholder>
      <placeholder>
        <id>3</id>
        <name>1, 3</name>
        <xpos>215.149612</xpos>
        <ypos>143.090073</ypos>
        <xsize>171.496063</xsize>
        <ysize>662.799683</ysize>
      </placeholder>
      <placeholder>
        <id>4</id>
        <name>2, 1</name>
        <xpos>394.299225</xpos>
        <ypos>143.090073</ypos>
        <xsize>171.496063</xsize>
        <ysize>662.799683</ysize>
      </placeholder>
    </placeholders>
  </grid>
  <grid>
    <id>7</id>
    <name>Electronics 3Prod portrait</name>
    <masterdocid></masterdocid>
    <description></description>
    <xpos>0.0</xpos>
    <ypos>0.0</ypos>
    <xsize>523.275574</xsize>
    <ysize>769.889771</ysize>
    <preview>
      <src>grids\preview\7.gif</src>
    </preview>
    <type>
      <id>0</id>
      <name>No Type</name>
    </type>
    <domain>
      <id>0</id>
      <name>no editor</name>
    </domain>
    <spread>
      <position></position>
      <leftitem>0</leftitem>
      <middleitem>0</middleitem>
      <rightitem>0</rightitem>
    </spread>
    <placeholders>
      <placeholder>
        <id>0</id>
        <name></name>
        <xpos>0.0</xpos>
        <ypos>0.0</ypos>
        <xsize>0.0</xsize>
        <ysize>0.0</ysize>
      </placeholder>
      <placeholder>
        <id>1</id>
        <name>1, 1</name>
        <xpos>36.0</xpos>
        <ypos>143.090073</ypos>
        <xsize>171.496063</xsize>
        <ysize>662.799683</ysize>
      </placeholder>
      <placeholder>
        <id>2</id>
        <name>1, 2</name>
        <xpos>215.149612</xpos>
        <ypos>143.090073</ypos>
        <xsize>171.496063</xsize>
        <ysize>662.799683</ysize>
      </placeholder>
      <placeholder>
        <id>3</id>
        <name>1, 3</name>
        <xpos>394.299225</xpos>
        <ypos>143.090073</ypos>
        <xsize>171.496063</xsize>
        <ysize>662.799683</ysize>
      </placeholder>
    </placeholders>
  </grid>
  <grid>
    <id>8</id>
    <name>Electronics 3Prod landscape</name>
    <masterdocid></masterdocid>
    <description></description>
    <xpos>0.0</xpos>
    <ypos>0.0</ypos>
    <xsize>523.275574</xsize>
    <ysize>769.889771</ysize>
    <preview>
      <src>grids\preview\8.gif</src>
    </preview>
    <type>
      <id>0</id>
      <name>No Type</name>
    </type>
    <domain>
      <id>0</id>
      <name>no editor</name>
    </domain>
    <spread>
      <position></position>
      <leftitem>0</leftitem>
      <middleitem>0</middleitem>
      <rightitem>0</rightitem>
    </spread>
    <placeholders>
      <placeholder>
        <id>0</id>
        <name></name>
        <xpos>0.0</xpos>
        <ypos>0.0</ypos>
        <xsize>0.0</xsize>
        <ysize>0.0</ysize>
      </placeholder>
      <placeholder>
        <id>1</id>
        <name>1, 1</name>
        <xpos>58.915276</xpos>
        <ypos>58.915276</ypos>
        <xsize>500.360321</xsize>
        <ysize>212.881897</ysize>
      </placeholder>
      <placeholder>
        <id>2</id>
        <name>1, 2</name>
        <xpos>58.915276</xpos>
        <ypos>315.547089</ypos>
        <xsize>500.360321</xsize>
        <ysize>212.881897</ysize>
      </placeholder>
      <placeholder>
        <id>3</id>
        <name>1, 3</name>
        <xpos>58.915276</xpos>
        <ypos>572.176086</ypos>
        <xsize>500.360321</xsize>
        <ysize>212.881897</ysize>
      </placeholder>
    </placeholders>
  </grid>
</grids>