<?xml  version="1.0" encoding="UTF-8"?>
<pagetemplates>
	<pagetemplate>
		<DocName></DocName>
		<OwnerID>0</OwnerID>
		<PageWidth>595.275574</PageWidth>
		<PageHeight>841.889771</PageHeight>
		<PageNum>1</PageNum>
		<MarginLeft>36.000000</MarginLeft>
		<MarginTop>36.000000</MarginTop>
		<MarginRight>36.000000</MarginRight>
		<MarginBottom>36.000000</MarginBottom>
		<Active>1</Active>
		<ID>
			<ID>1</ID>
			<ID2>0</ID2>
			<ID3>0</ID3>
			<StringID></StringID>
		</ID>
		<Name>Example template</Name>
		<PageType>0</PageType>
		<Barrier>0</Barrier>
		<StringID></StringID>
		<Oposite>
			<ID>0</ID>
			<ID2>0</ID2>
			<ID3>0</ID3>
			<StringID></StringID>
		</Oposite>
		<Successor>
			<ID>0</ID>
			<ID2>0</ID2>
			<ID3>0</ID3>
			<StringID></StringID>
		</Successor>
		<Masterpages></Masterpages>
		<AutoOposite>0</AutoOposite>
		<AutoSuccessor>0</AutoSuccessor>
		<templates>
			<template>
				<Name>Slot1</Name>
				<UID>7297</UID>
				<Active>0</Active>
				<Sequ>1</Sequ>
				<ColorIndex>47</ColorIndex>
				<Type>0</Type>
				<AutoLink>0</AutoLink>
				<VerticalJust>0</VerticalJust>
				<MinimumVJ>0.000000</MinimumVJ>
				<StylesVJ></StylesVJ>
				<MinimumVJEnabled>0</MinimumVJEnabled>
				<StylesVJEnabled>0</StylesVJEnabled>
				<HasMoreObjects>0</HasMoreObjects>
				<HasMoreFrames>0</HasMoreFrames>
				<BuildDirection>0</BuildDirection>
				<MinDistX>0.000000</MinDistX>
				<MinDistY>0.000000</MinDistY>
				<JustificationEnabled>0</JustificationEnabled>
				<JustificationX>0</JustificationX>
				<JustificationY>0</JustificationY>
				<JustificationScript>0</JustificationScript>
				<BBox>
					<Left>47.622047</Left>
					<Top>133.795273</Top>
					<Right>277.795288</Right>
					<Bottom>391.181091</Bottom>
				</BBox>
				<UseInPlanning>0</UseInPlanning>
			</template>
			<template>
				<Name>Slot2</Name>
				<UID>7299</UID>
				<Active>0</Active>
				<Sequ>2</Sequ>
				<ColorIndex>49</ColorIndex>
				<Type>0</Type>
				<AutoLink>0</AutoLink>
				<VerticalJust>0</VerticalJust>
				<MinimumVJ>0.000000</MinimumVJ>
				<StylesVJ></StylesVJ>
				<MinimumVJEnabled>0</MinimumVJEnabled>
				<StylesVJEnabled>0</StylesVJEnabled>
				<HasMoreObjects>0</HasMoreObjects>
				<HasMoreFrames>0</HasMoreFrames>
				<BuildDirection>0</BuildDirection>
				<MinDistX>0.000000</MinDistX>
				<MinDistY>0.000000</MinDistY>
				<JustificationEnabled>0</JustificationEnabled>
				<JustificationX>0</JustificationX>
				<JustificationY>0</JustificationY>
				<JustificationScript>0</JustificationScript>
				<BBox>
					<Left>303.874023</Left>
					<Top>410.456696</Top>
					<Right>540.850403</Right>
					<Bottom>673.511841</Bottom>
				</BBox>
				<UseInPlanning>0</UseInPlanning>
			</template>
			<template>
				<Name>Slot3</Name>
				<UID>7301</UID>
				<Active>0</Active>
				<Sequ>3</Sequ>
				<ColorIndex>1</ColorIndex>
				<Type>0</Type>
				<AutoLink>0</AutoLink>
				<VerticalJust>0</VerticalJust>
				<MinimumVJ>0.000000</MinimumVJ>
				<StylesVJ></StylesVJ>
				<MinimumVJEnabled>0</MinimumVJEnabled>
				<StylesVJEnabled>0</StylesVJEnabled>
				<HasMoreObjects>0</HasMoreObjects>
				<HasMoreFrames>0</HasMoreFrames>
				<BuildDirection>0</BuildDirection>
				<MinDistX>0.000000</MinDistX>
				<MinDistY>0.000000</MinDistY>
				<JustificationEnabled>0</JustificationEnabled>
				<JustificationX>0</JustificationX>
				<JustificationY>0</JustificationY>
				<JustificationScript>0</JustificationScript>
				<BBox>
					<Left>52.189499</Left>
					<Top>686.460999</Top>
					<Right>540.850403</Right>
					<Bottom>795.656372</Bottom>
				</BBox>
				<UseInPlanning>0</UseInPlanning>
			</template>
		</templates>
	</pagetemplate>
	<pagetemplate>
		<DocName></DocName>
		<OwnerID>0</OwnerID>
		<PageWidth>595.275574</PageWidth>
		<PageHeight>841.889771</PageHeight>
		<PageNum>1</PageNum>
		<MarginLeft>36.000000</MarginLeft>
		<MarginTop>36.000000</MarginTop>
		<MarginRight>36.000000</MarginRight>
		<MarginBottom>36.000000</MarginBottom>
		<Active>1</Active>
		<ID>
			<ID>2</ID>
			<ID2>0</ID2>
			<ID3>0</ID3>
			<StringID></StringID>
		</ID>
		<Name>Apparel_4Prod_left</Name>
		<PageType>1</PageType>
		<Barrier>0</Barrier>
		<StringID></StringID>
		<Oposite>
			<ID>3</ID>
			<ID2>0</ID2>
			<ID3>0</ID3>
			<StringID></StringID>
		</Oposite>
		<Successor>
			<ID>0</ID>
			<ID2>0</ID2>
			<ID3>0</ID3>
			<StringID></StringID>
		</Successor>
		<Masterpages></Masterpages>
		<AutoOposite>0</AutoOposite>
		<AutoSuccessor>0</AutoSuccessor>
		<templates>
			<template>
				<Name>content</Name>
				<UID>1027</UID>
				<Active>0</Active>
				<Sequ>1</Sequ>
				<ColorIndex>9</ColorIndex>
				<Type>0</Type>
				<AutoLink>0</AutoLink>
				<VerticalJust>0</VerticalJust>
				<MinimumVJ>0.000000</MinimumVJ>
				<StylesVJ></StylesVJ>
				<MinimumVJEnabled>0</MinimumVJEnabled>
				<StylesVJEnabled>0</StylesVJEnabled>
				<HasMoreObjects>1</HasMoreObjects>
				<HasMoreFrames>0</HasMoreFrames>
				<BuildDirection>0</BuildDirection>
				<MinDistX>14.173228</MinDistX>
				<MinDistY>14.173228</MinDistY>
				<JustificationEnabled>0</JustificationEnabled>
				<JustificationX>0</JustificationX>
				<JustificationY>0</JustificationY>
				<JustificationScript>0</JustificationScript>
				<BBox>
					<Left>73.885040</Left>
					<Top>56.929134</Top>
					<Right>586.634338</Right>
					<Bottom>798.874512</Bottom>
				</BBox>
				<UseInPlanning>0</UseInPlanning>
			</template>
		</templates>
	</pagetemplate>
	<pagetemplate>
		<DocName></DocName>
		<OwnerID>0</OwnerID>
		<PageWidth>595.275574</PageWidth>
		<PageHeight>841.889771</PageHeight>
		<PageNum>1</PageNum>
		<MarginLeft>36.000000</MarginLeft>
		<MarginTop>36.000000</MarginTop>
		<MarginRight>36.000000</MarginRight>
		<MarginBottom>36.000000</MarginBottom>
		<Active>1</Active>
		<ID>
			<ID>3</ID>
			<ID2>0</ID2>
			<ID3>0</ID3>
			<StringID></StringID>
		</ID>
		<Name>Apparel_4Prod_right</Name>
		<PageType>2</PageType>
		<Barrier>0</Barrier>
		<StringID></StringID>
		<Oposite>
			<ID>2</ID>
			<ID2>0</ID2>
			<ID3>0</ID3>
			<StringID></StringID>
		</Oposite>
		<Successor>
			<ID>0</ID>
			<ID2>0</ID2>
			<ID3>0</ID3>
			<StringID></StringID>
		</Successor>
		<Masterpages>B-Apparel</Masterpages>
		<AutoOposite>0</AutoOposite>
		<AutoSuccessor>0</AutoSuccessor>
		<templates>
			<template>
				<Name>content</Name>
				<UID>209</UID>
				<Active>0</Active>
				<Sequ>1</Sequ>
				<ColorIndex>9</ColorIndex>
				<Type>0</Type>
				<AutoLink>0</AutoLink>
				<VerticalJust>0</VerticalJust>
				<MinimumVJ>0.000000</MinimumVJ>
				<StylesVJ></StylesVJ>
				<MinimumVJEnabled>0</MinimumVJEnabled>
				<StylesVJEnabled>0</StylesVJEnabled>
				<HasMoreObjects>1</HasMoreObjects>
				<HasMoreFrames>0</HasMoreFrames>
				<BuildDirection>0</BuildDirection>
				<MinDistX>14.173228</MinDistX>
				<MinDistY>14.173228</MinDistY>
				<JustificationEnabled>0</JustificationEnabled>
				<JustificationX>0</JustificationX>
				<JustificationY>0</JustificationY>
				<JustificationScript>0</JustificationScript>
				<BBox>
					<Left>34.968189</Left>
					<Top>56.928188</Top>
					<Right>547.717346</Right>
					<Bottom>788.243652</Bottom>
				</BBox>
				<UseInPlanning>0</UseInPlanning>
			</template>
		</templates>
	</pagetemplate>
	<pagetemplate>
		<DocName></DocName>
		<OwnerID>0</OwnerID>
		<PageWidth>595.275574</PageWidth>
		<PageHeight>841.889771</PageHeight>
		<PageNum>1</PageNum>
		<MarginLeft>36.000000</MarginLeft>
		<MarginTop>36.000000</MarginTop>
		<MarginRight>36.000000</MarginRight>
		<MarginBottom>36.000000</MarginBottom>
		<Active>1</Active>
		<ID>
			<ID>4</ID>
			<ID2>0</ID2>
			<ID3>0</ID3>
			<StringID></StringID>
		</ID>
		<Name>Electronics_Title</Name>
		<PageType>0</PageType>
		<Barrier>0</Barrier>
		<StringID></StringID>
		<Oposite>
			<ID>0</ID>
			<ID2>0</ID2>
			<ID3>0</ID3>
			<StringID></StringID>
		</Oposite>
		<Successor>
			<ID>5</ID>
			<ID2>0</ID2>
			<ID3>0</ID3>
			<StringID></StringID>
		</Successor>
		<Masterpages>B-Electronics</Masterpages>
		<AutoOposite>0</AutoOposite>
		<AutoSuccessor>0</AutoSuccessor>
		<templates>
			<template>
				<Name>Title</Name>
				<UID>215</UID>
				<Active>0</Active>
				<Sequ>1</Sequ>
				<ColorIndex>7</ColorIndex>
				<Type>0</Type>
				<AutoLink>0</AutoLink>
				<VerticalJust>0</VerticalJust>
				<MinimumVJ>0.000000</MinimumVJ>
				<StylesVJ></StylesVJ>
				<MinimumVJEnabled>0</MinimumVJEnabled>
				<StylesVJEnabled>0</StylesVJEnabled>
				<HasMoreObjects>0</HasMoreObjects>
				<HasMoreFrames>0</HasMoreFrames>
				<BuildDirection>0</BuildDirection>
				<MinDistX>0.000000</MinDistX>
				<MinDistY>0.000000</MinDistY>
				<JustificationEnabled>0</JustificationEnabled>
				<JustificationX>0</JustificationX>
				<JustificationY>0</JustificationY>
				<JustificationScript>0</JustificationScript>
				<BBox>
					<Left>36.000000</Left>
					<Top>36.000000</Top>
					<Right>559.275574</Right>
					<Bottom>106.866142</Bottom>
				</BBox>
				<UseInPlanning>0</UseInPlanning>
			</template>
			<template>
				<Name>content</Name>
				<UID>209</UID>
				<Active>0</Active>
				<Sequ>2</Sequ>
				<ColorIndex>7</ColorIndex>
				<Type>0</Type>
				<AutoLink>0</AutoLink>
				<VerticalJust>0</VerticalJust>
				<MinimumVJ>0.000000</MinimumVJ>
				<StylesVJ></StylesVJ>
				<MinimumVJEnabled>0</MinimumVJEnabled>
				<StylesVJEnabled>0</StylesVJEnabled>
				<HasMoreObjects>1</HasMoreObjects>
				<HasMoreFrames>0</HasMoreFrames>
				<BuildDirection>1</BuildDirection>
				<MinDistX>14.173228</MinDistX>
				<MinDistY>14.173228</MinDistY>
				<JustificationEnabled>0</JustificationEnabled>
				<JustificationX>0</JustificationX>
				<JustificationY>0</JustificationY>
				<JustificationScript>0</JustificationScript>
				<BBox>
					<Left>36.000000</Left>
					<Top>143.090073</Top>
					<Right>559.275574</Right>
					<Bottom>805.889771</Bottom>
				</BBox>
				<UseInPlanning>0</UseInPlanning>
			</template>
		</templates>
	</pagetemplate>
	<pagetemplate>
		<DocName></DocName>
		<OwnerID>0</OwnerID>
		<PageWidth>595.275574</PageWidth>
		<PageHeight>841.889771</PageHeight>
		<PageNum>1</PageNum>
		<MarginLeft>36.000000</MarginLeft>
		<MarginTop>36.000000</MarginTop>
		<MarginRight>36.000000</MarginRight>
		<MarginBottom>36.000000</MarginBottom>
		<Active>1</Active>
		<ID>
			<ID>5</ID>
			<ID2>0</ID2>
			<ID3>0</ID3>
			<StringID></StringID>
		</ID>
		<Name>Electronics</Name>
		<PageType>0</PageType>
		<Barrier>0</Barrier>
		<StringID></StringID>
		<Oposite>
			<ID>0</ID>
			<ID2>0</ID2>
			<ID3>0</ID3>
			<StringID></StringID>
		</Oposite>
		<Successor>
			<ID>0</ID>
			<ID2>0</ID2>
			<ID3>0</ID3>
			<StringID></StringID>
		</Successor>
		<Masterpages></Masterpages>
		<AutoOposite>0</AutoOposite>
		<AutoSuccessor>0</AutoSuccessor>
		<templates>
			<template>
				<Name>content</Name>
				<UID>209</UID>
				<Active>0</Active>
				<Sequ>1</Sequ>
				<ColorIndex>7</ColorIndex>
				<Type>0</Type>
				<AutoLink>0</AutoLink>
				<VerticalJust>0</VerticalJust>
				<MinimumVJ>0.000000</MinimumVJ>
				<StylesVJ></StylesVJ>
				<MinimumVJEnabled>0</MinimumVJEnabled>
				<StylesVJEnabled>0</StylesVJEnabled>
				<HasMoreObjects>1</HasMoreObjects>
				<HasMoreFrames>0</HasMoreFrames>
				<BuildDirection>1</BuildDirection>
				<MinDistX>14.173228</MinDistX>
				<MinDistY>14.173228</MinDistY>
				<JustificationEnabled>0</JustificationEnabled>
				<JustificationX>0</JustificationX>
				<JustificationY>0</JustificationY>
				<JustificationScript>0</JustificationScript>
				<BBox>
					<Left>36.000000</Left>
					<Top>143.090073</Top>
					<Right>559.275574</Right>
					<Bottom>805.889771</Bottom>
				</BBox>
				<UseInPlanning>0</UseInPlanning>
			</template>
		</templates>
	</pagetemplate>
</pagetemplates>