<?xml version="1.0"?>
<!-- 
	file:	 xindex.xml
-->
<indicees>
	<!-- Standardindizees -->
	<index>
		<file>panelstatements.xml</file>
		<nodepath>panelstatements.panelstatement.id</nodepath>
		<unique>no</unique>
		<enabled>yes</enabled>
	</index>
	<index>
		<file>actions.xml</file>
		<nodepath>actions.action.classid</nodepath>
		<unique>no</unique>
		<enabled>yes</enabled>
	</index>
	<index>
		<file>pageitems.xml</file>
		<nodepath>pageitems.pageitem.id</nodepath>
		<unique>yes</unique>
		<enabled>yes</enabled>
	</index>
</indicees>
